{
    "naive_rag": {
        "Comprehensiveness": 5.233333333333333,
        "Thoroughness": 4.833333333333333,
        "Factuality": 5.933333333333334,
        "Coherence": 6.1
    },
    "webthinker": {
        "Comprehensiveness": 8.533333333333333,
        "Thoroughness": 8.533333333333333,
        "Factuality": 7.75,
        "Coherence": 7.933333333333334
    },
    "gemini": {
        "Comprehensiveness": 8.25,
        "Thoroughness": 8.216666666666667,
        "Factuality": 7.6,
        "Coherence": 8.033333333333333
    },
    "grok3": {
        "Comprehensiveness": 6.5,
        "Thoroughness": 6.15,
        "Factuality": 6.7,
        "Coherence": 6.766666666666667
    }
}